variant,conversion_rate
A,0.043970232611699675
B,0.04359697339994502
